Page URL,Page Title,ILR,Raw ILR,Unique Pageviews,Crawl Depth,HTTP Status Code,"Page (HTML) Load Time, sec",Schema.org (Microdata),Schema.org (JSON-LD),Open Graph,Twitter Cards,Microformats,Canonicalization,In sitemap,Incoming Internal Links,Outgoing Internal Links,Outgoing External Links,AMP link,Hreflang Links,Hreflang Issues,JS and CSS Number,"JS and CSS Size, KB",Issues,Description,Blocked AI search bots
https://naecleaningsolutions.com/bank-cleaning-services-austin/,"Expert Financial Institutions & Bank Cleaning Services in Austin, TX",100,0.036763783890956116,n/a,1,200,2.252,1,1,1,1,0,Self-canonical,1,64,41,11,0,-,-,76,269,20,"call 512-761-8623 for top-rated bank cleaning services in austin, tx. expert solutions for banks and financial institutions.",
https://naecleaningsolutions.com/church-cleaning-services-austin/,"Church Cleaning Services in Austin, TX | NAE Cleaning",100,0.036763783890956116,n/a,1,200,1.257,1,1,1,1,0,Canonical to other page,0,64,41,11,0,-,-,76,269,22,"respectful church cleaning services in austin—pews, floors, restrooms, and events. 24/7 scheduling. request free estimate at 512‑761‑8623.",
https://naecleaningsolutions.com/medical-facility-cleaning-austin/,Medical Cleaning Services in Austin | NAE Cleaning,100,0.036763783890956116,n/a,1,200,1.349,1,1,1,1,0,Self-canonical,1,64,41,11,0,-,-,76,269,20,"austin medical cleaning services for clinics and dental offices. epa disinfectants, trained staff, compliance focus. get a fast, free quote at 512‑761‑8623.",
https://naecleaningsolutions.com/office-building-cleaning-austin/,Office Cleaning Service in Austin | NAE Cleaning,100,0.036763783890956116,n/a,1,200,2.443,1,1,1,1,0,Self-canonical,1,64,41,11,0,-,-,76,269,20,"office cleaning service in austin with night or day porter options. reliable crews, consistent results. call 512‑761‑8623 for free estimate.",
https://naecleaningsolutions.com/school-cleaning-services-austin/,Cleaning Services for Schools in Austin | NAE Cleaning,100,0.036763783890956116,n/a,1,200,1.514,1,1,1,1,0,Self-canonical,1,64,41,11,0,-,-,76,269,20,"austin's trusted cleaning service fir schools—classrooms, cafeterias, gyms. insured team, flexible schedule, eco friendly. free quote 512‑761‑8623",
https://naecleaningsolutions.com/auto-dealership-cleaning-austin/,Car Dealership Cleaning Service in Austin | NAE Cleaning,98,0.03673920617853232,n/a,1,200,1.437,1,1,1,1,0,Self-canonical,1,64,40,9,0,-,-,73,247,19,"austin's car dealership cleaning service—showroom glass, floors, and service bays that impress buyers. flexible schedules. call 512‑761‑8623 for free quote.",
https://naecleaningsolutions.com/warehouse-cleaning-services-in-austin/,Expert Warehouse Cleaning Services in Austin,98,0.03673920617853232,n/a,1,200,1.17,1,1,1,1,0,Self-canonical,1,64,40,9,0,-,-,73,247,20,book top-rated warehouse cleaning services in austin. call 512-761-8623 today for professional and efficient cleaning solutions.,
https://naecleaningsolutions.com/recent-blog/,|,95,0.03127196178893986,n/a,1,200,1.289,1,1,1,1,0,-,0,64,54,9,0,-,-,75,251,1,-,
https://naecleaningsolutions.com/day-porter-services-austin/,"Five Star Rated Day Porter Cleaning Services in Austin, TX",93,0.031217665760658063,n/a,1,200,1.246,1,1,1,1,0,Self-canonical,1,64,41,12,0,-,-,76,269,20,"we are committed to providing top-notch day porter cleaning services in austin, tx to help keep your spaces clean, safe, and well maintained.",
https://naecleaningsolutions.com/commercal-carpet-cleaning-austin/,"Best Commercial Carpet Cleaning Services in Austin, TX",90,0.03121110163842867,n/a,1,200,1.305,1,1,1,1,0,Self-canonical,1,64,41,11,0,-,-,76,269,20,"professional commercial carpet cleaning services in austin, tx. keep your business clean, fresh, and welcoming with expert deep cleaning solutions.",
https://naecleaningsolutions.com/commercial-floor-cleaning-austin/,"Commercial Floor Care Services in Austin, TX | NAE Cleaning",90,0.03121110163842867,n/a,1,200,2.465,1,1,1,1,0,Self-canonical,1,64,41,11,0,-,-,76,269,20,"austin commercial floor care—strip, wax, scrub, burnish for shine & safety. flexible schedule. call 512‑761‑8623 for a fast, free estimate.",
https://naecleaningsolutions.com/about/,About NAE Cleaning Solutions,88,0.031197195712964344,n/a,1,200,1.307,1,1,1,1,0,Self-canonical,1,64,40,10,0,-,-,75,249,19,"our mission is to be seen as the highest quality, most reliable janitorial services in the eyes of our customers and our employees.",
https://naecleaningsolutions.com/video-testimonials/,|,85,0.026390134605562075,n/a,1,200,1.354,1,1,1,1,0,-,0,16,41,9,0,-,-,73,246,1,video testimonials nae serves multiple schools by providing full-service janitorial programs for their faculty and students.,
https://naecleaningsolutions.com/,"#1 Commercial Cleaning Services in Austin, TX",83,0.02025056100626777,n/a,0,200,0.081,1,1,1,1,0,Self-canonical,1,65,42,13,0,-,-,78,271,22,"we offer professional commercial cleaning services in austin, tx. call 512-761-8623 to hire a highly rated commercial cleaning company.",
https://naecleaningsolutions.com/government-building-cleaning/,Best Government Building Cleaning Services in Austin,80,0.020175236676668207,n/a,1,200,1.255,1,1,1,1,0,Self-canonical,1,64,41,11,0,-,-,81,278,22,"for top-notch government building cleaning services in austin, call 512-761-8623. trust us to keep your facilities spotless and professional.",
https://naecleaningsolutions.com/fitness-center-cleaning/,Fitness Center Cleaning Services in Austin | NAE Cleaning,78,0.020166841390244397,n/a,1,200,1.266,1,1,1,1,0,Self-canonical,1,64,41,9,0,-,-,73,247,21,"fitness center cleaning services in austin—sanitize equipment, floors, mirrors, locker rooms, and restrooms. odor control. call 512‑761‑8623 for free quote.",
https://naecleaningsolutions.com/hospitality-building-cleaning/,Hospitality Cleaning in Austin | NAE Cleaning Solutions,78,0.020166841390244397,n/a,1,200,1.588,1,1,1,1,0,Self-canonical,1,64,41,9,0,-,-,73,247,20,"austin hospitality cleaning for hotels and inns. spotless lobbies, halls, & windows that elevate guest reviews. call 512‑761‑8623 for a free quote.",
https://naecleaningsolutions.com/faq/,Frequently Asked Questions for Commercial Cleaning,76,0.014700416075244999,n/a,1,200,1.324,1,1,1,1,0,-,0,63,50,9,0,-,-,74,247,1,frequently asked questions we get from our clients and prospects about our commercial cleaning services. call us and ask!,
https://naecleaningsolutions.com/austin-janitorial-services/,"Professional and Trusted Janitorial Services in Austin, TX",73,0.014681751303342226,n/a,1,200,1.363,1,1,1,1,0,Self-canonical,1,63,41,11,0,-,-,76,269,20,"call 512-761-8623 for professional janitorial services in austin, tx. expert, efficient cleaning to meet your business needs.",
https://naecleaningsolutions.com/careers/,Now Hiring | Austin Jobs | Apply Now | Cleaning Jobs,73,0.014681751303342226,n/a,1,200,1.179,1,1,1,1,0,Self-canonical,1,63,40,12,0,-,-,74,248,20,"now hiring quality people. now hiring good character. apply now! stay active, listen to your own music, and choose your own schedule!",
https://naecleaningsolutions.com/commercial-cleaners-cedar-park-tx/,"Premium Commercial Cleaning Services in Cedar Park, TX",73,0.014681751303342226,n/a,1,200,2.922,1,1,1,1,0,Self-canonical,1,63,41,11,0,-,-,81,278,23,"transform your business with top-notch commercial cleaning services in cedar park, tx. contact us at 512-761-8623 for expert commercial cleaners near you.",
https://naecleaningsolutions.com/commercial-cleaners-round-rock-tx/,"Premium Commercial Cleaning Services in Cedar Park, TX",73,0.014681751303342226,n/a,1,200,2.5,1,1,1,1,0,Self-canonical,1,63,41,11,0,-,-,81,278,23,"experience premium commercial cleaning services in round rock, tx with nae cleaning solutions. ensure a clean, healthy, and professional workspace tailored to your business needs.",
https://naecleaningsolutions.com/commercial-cleaning-leander-tx/,"Premium Commercial Cleaning Services in Leander, TX",73,0.014681751303342226,n/a,1,200,1.309,1,1,1,1,0,Self-canonical,1,63,41,11,0,-,-,81,278,22,"get exceptional commercial cleaning services in leander, texas with nae cleaning solutions. we ensure a spotless, hygienic, and professional business space.",
https://naecleaningsolutions.com/commercial-cleaning-pflugerville-tx/,"Premium Commercial Cleaning Services in Pflugerville, TX",73,0.014681751303342226,n/a,1,200,1.263,1,1,1,1,0,Self-canonical,1,63,41,11,0,-,-,81,278,22,"transform your business with top-notch commercial cleaning services in pflugerville, tx. contact us at 512-761-8623 for expert commercial cleaners near you.",
https://naecleaningsolutions.com/contact/,"Contact Us | Commercial Cleaning Services | Austin, TX",71,0.01467213957854016,n/a,1,200,1.927,1,1,1,1,0,Self-canonical,1,63,40,9,0,-,-,75,249,19,please contact us using this form to request a free consultation. nae cleaning solutions has an assorted range of janitorial services.,
https://naecleaningsolutions.com/coworking-spaces-cleaning/,Expert Coworking Spaces Cleaning in Austin,71,0.01467213957854016,n/a,1,200,1.16,1,1,1,1,0,Self-canonical,1,63,40,9,0,-,-,73,247,19,"need coworking spaces cleaning in austin? call us today at 512-761-8623 for reliable, top-quality service tailored to your workspace needs",
https://naecleaningsolutions.com/event-venue-cleaning/,Best Event Venue Cleaning Services in Austin,71,0.01467213957854016,n/a,1,200,1.284,1,1,1,1,0,Self-canonical,1,63,40,9,0,-,-,73,247,19,contact 512-761-8623 for top event venue cleaning services in austin. ensure your space shines for every guest and occasion.,
https://naecleaningsolutions.com/privacy-policy/,|,71,0.01467213957854016,n/a,1,200,1.179,1,1,1,1,0,Self-canonical,1,63,40,9,0,-,-,75,262,20,this privacy policy has been compiled to better serve those who are concerned how their personally identifiable information is used online.,
https://naecleaningsolutions.com/wp-content/uploads/2023/12/Hospitality-cleaning-services.jpg,,68,0.01101011318511614,n/a,2,200,0.054,0,0,0,0,0,-,0,1,0,0,0,-,-,0,0,1,-,
https://naecleaningsolutions.com/the-ultimate-guide-to-deep-cleaning-in-commercial-buildings/,Ultimate Guide to Office Deep Cleaning in Commercial Buildings,66,0.0058778894848093175,n/a,2,200,2.473,1,1,1,1,0,Self-canonical,1,5,42,9,0,-,-,75,262,19,"if your business is inspected, skipping deep cleaning could cause you to fail the inspection. maintaining your area tidy and prepared for inspection is crucial.",
https://naecleaningsolutions.com/property-manager-skills/,Top Property Manager Skills: Essential Qualities for Success,63,0.0058756022787347555,n/a,2,200,1.15,1,1,1,1,0,Self-canonical,1,5,42,10,0,-,-,75,262,19,discover key property manager skills to excel in real estate management and boost your career growth,
https://naecleaningsolutions.com/why-fast-carpet-drying-matters-for-health-mold-odor-risks/,"Why Fast Carpet Drying Matters for Health, Mold & Odor Risks",61,0.005776698408106828,n/a,2,200,0.059,1,1,1,1,0,Self-canonical,1,3,41,11,0,-,-,75,262,20,mold and odors form when your carpet absorbs moisture and becomes a breeding ground for mold. discover how to quickly dry and maintain your carpets with practical and no-effort solutions.,
https://naecleaningsolutions.com/what-do-professionals-use-to-clean-grout/,What do Professionals Use to Clean Grout | Expert Tips,59,0.0057218828131837965,n/a,2,200,1.223,1,1,1,1,0,Self-canonical,1,2,41,10,0,-,-,75,262,20,say goodbye to dirty grout with our professional cleaning tips. discover what the experts use to get those stubborn stains out and restore your grout to their former glory.,
https://naecleaningsolutions.com/carpet-cleaning-tips/,"Carpet Cleaning Tips: Frequency, Methods, and Mold Prevention",56,0.0057208027798396075,n/a,2,200,1.262,1,1,1,1,0,Self-canonical,1,2,42,9,0,-,-,75,262,19,"learn how to keep carpets clean and allergen-free with expert tips on cleaning frequency, methods, and mold prevention for a healthier living space.",
https://naecleaningsolutions.com/ai-in-property-management/,AI in Property Management: From Maintenance to Tenant Interaction,54,0.005719420147485721,n/a,2,200,2.507,1,1,1,1,0,Self-canonical,1,2,44,10,0,-,-,75,262,20,this article explores the various applications of ai in property management and its potential future impact on commercial real estate and investment strategies.,
https://naecleaningsolutions.com/solar-panels-for-commercial-buildings/,The Impact of Solar Panels on Commercial Buildings,51,0.005718820724803838,n/a,2,200,1.311,1,1,1,1,0,Self-canonical,1,2,43,10,0,-,-,75,262,19,solar panel installations on commercial properties have gained popularity in recent years due to their environmental benefits and potential cost savings. read more!,
https://naecleaningsolutions.com/leveraging-social-media-to-boost-commercial-property-visibility/,Leveraging Social Media to Boost Commercial Property Visibility,49,0.005717833609222332,n/a,2,200,1.107,1,1,1,1,0,Self-canonical,1,2,43,9,0,-,-,75,262,20,"in today’s digital age, social media has become a powerful tool for marketing in different industries, including real estate. read more!",
https://naecleaningsolutions.com/sustainable-urban-development/,Sustainable Urban Planning: The Increasing Responsibility,46,0.005717382206773107,n/a,2,200,1.128,1,1,1,1,0,Self-canonical,1,2,46,10,0,-,-,75,262,20,"in this article, we will explain how sustainability is changing the job nature of property managers and why it is important.",
https://naecleaningsolutions.com/recent-blog/2/,|,44,0.005715153729318107,n/a,2,200,1.793,1,1,1,1,0,-,0,2,54,9,0,-,-,75,251,1,-,
https://naecleaningsolutions.com/recent-blog/3/,|,41,0.00571365675396436,n/a,2,200,1.142,1,1,1,1,0,-,0,2,52,9,0,-,-,75,251,1,-,
https://naecleaningsolutions.com/duties-of-a-day-porter/,Beyond Cleaning: 25 Duties of a Day Porter You Should Must Know,39,0.005667614227507213,n/a,2,200,1.3,1,1,1,1,0,Self-canonical,1,1,43,10,0,-,-,75,262,20,"from restocking supplies to cleaning high-traffic areas, day porter duties vary from business to business. here is what you should know about a day porter.",
https://naecleaningsolutions.com/floor-cleaning-guide-2025/,Floor Cleaning Guide 2025: Expert Tips for Every Surface,39,0.005667614227507213,n/a,2,200,1.558,1,1,1,1,0,Self-canonical,1,1,43,9,0,-,-,75,262,22,-,
https://naecleaningsolutions.com/tips-for-maintaining-commercial-tile-floors/,Expert Tips for Maintaining Your Commercial Tile Floors,39,0.005667614227507213,n/a,2,200,1.191,1,1,1,1,0,Self-canonical,1,1,43,10,0,-,-,75,262,21,"learn about commercial tile flooring types, cleaning tips, maintenance, and how professional services enhance durability and appearance.",
https://naecleaningsolutions.com/sustainable-commercial-cleaning-in-commercial-properties/,Sustainable Commercial Cleaning in Commercial Properties,37,0.005637836751098534,n/a,3,200,1.253,1,1,1,1,0,Self-canonical,1,5,41,9,0,-,-,75,262,19,"in the evolving world of real estate, the dialogue around sustainability has grown louder and more insistent. here's why sustainable commercial cleaning is indispensable for commercial properties.",
https://naecleaningsolutions.com/what-is-the-future-of-commercial-real-estate/,What is the Future of Commercial Real Estate? | NAE Cleaning Solutions,34,0.005632437863952791,n/a,3,200,1.476,1,1,1,1,0,Self-canonical,1,5,42,10,0,-,-,75,262,19,"in this era of unprecedented change, nae commercial cleaning solutions invites you to explore what is the future of commercial real estate.",
https://naecleaningsolutions.com/gym-cleaning-services-in-austin/,Fitness Center Cleaning Services in Austin | NAE Cleaning,32,0.005597066608864681,n/a,2,200,3.197,1,1,1,1,0,Self-canonical,1,1,41,11,0,-,-,73,247,24,"fitness center cleaning services in austin—sanitize equipment, floors, mirrors, locker rooms, and restrooms. odor control. call 512‑761‑8623 for free quote.",
https://naecleaningsolutions.com/the-integral-role-of-commercial-property-managers/,The Integral Role of Commercial Property Managers and the Value of Partnering with a Janitorial Company,29,0.005581172936696717,n/a,3,200,1.322,1,1,1,1,0,Self-canonical,1,4,41,9,0,-,-,75,262,21,"in the dynamic world of real estate, commercial property managers are indispensable cogs in the machinery. read more",
https://naecleaningsolutions.com/effective-tenant-retention-techniques-for-commercial-property-managers/,Mastering Commercial Tenant Retention in Real Estate,27,0.005535523105150519,n/a,3,200,2.441,1,1,1,1,0,Self-canonical,1,3,42,10,0,-,-,75,262,19,learn the significance of commercial building tenant retention and innovative ideas to keep your tenants satisfied and boost property income.,
https://naecleaningsolutions.com/how-to-clean-floor-tile-grout-without-scrubbing/,How to Clean Floor Tile Grout without Scrubbing,24,0.005533464385833192,n/a,3,200,1.16,1,1,1,1,0,Self-canonical,1,3,41,9,0,-,-,75,262,20,discover simple easy methods to clean grout on floor tiles without hard scrubbing. remove stubborn stains with ease. read more,
https://naecleaningsolutions.com/what-is-building-maintenance-101/,What is Building Maintenance 101? | Comprehensive Guide,22,0.005530321248769318,n/a,3,200,1.218,1,1,1,1,0,Self-canonical,1,3,41,9,0,-,-,75,262,19,"welcome to ""what is building maintenance 101,"" your comprehensive guide to the essential practices that keep commercial structures in optimal condition.",
https://naecleaningsolutions.com/energy-efficiency-measures-for-commercial-buildings/,Energy Efficiency Measures for Commercial Buildings,20,0.005527461786840555,n/a,3,200,1.181,1,1,1,1,0,Self-canonical,1,3,43,11,0,-,-,75,262,20,discover key energy efficiency measures for commercial buildings to reduce costs and environmental impact with practical tips and innovative solutions.,
https://naecleaningsolutions.com/essential-cleaning-checklist-for-property-managers/,Essential Cleaning Checklist for Property Managers,17,0.005482357888018137,n/a,3,200,1.49,1,1,1,1,0,Self-canonical,1,2,41,9,0,-,-,75,262,19,"as a property manager, preparing a vacant space for new tenants is akin to setting the stage for a grand performance. read more!",
https://naecleaningsolutions.com/what-does-a-commercial-property-manager-do/,The Role of Commercial Property Managers in Urban Development,15,0.00547614329674639,n/a,3,200,2.454,1,1,1,1,0,Self-canonical,1,2,44,10,0,-,-,75,262,19,explore the role of commercial property managers in driving urban development. learn how they contribute to the growth and vitality of urban landscapes.,
https://naecleaningsolutions.com/maximize-tenant-satisfaction-with-space-utilization-strategies/,Maximize Tenant Satisfaction with Space Utilization Strategies,12,0.0054750440801940555,n/a,3,200,1.211,1,1,1,1,0,Self-canonical,1,2,43,9,0,-,-,75,262,19,discover how optimizing commercial property layouts through effective space utilization can significantly enhance tenant satisfaction.,
https://naecleaningsolutions.com/new-office-space-design-trends-2025/,New Office Space Design Trends 2025 | Modern and Exciting,12,0.0054750440801940555,n/a,3,200,2.202,1,1,1,1,0,Self-canonical,1,2,42,10,0,-,-,75,262,19,"discover the new trends in office space design for 2024. explore how flexibility, sustainability, and technology are reshaping workplaces.",
